model_id,batch,ctx,dtype_label,mode,rung,description,numerically_valid,layer_types_forced,max_cache_len,amortized_step_ms,synchronized_step_ms,error,unique_graphs,calls_captured,cudagraph_manager,peak_mem_gb,saving_vs_full_pct,per_layer_us
mistralai/Mistral-7B-v0.1,32,128,bf16,hf_eager,full,unmodified decode step,True,True,476,72.52409101929516,72.21396046224982,,0,0,False,16.975190528,0.0,2266.3778443529736
mistralai/Mistral-7B-v0.1,32,128,bf16,hf_eager,op_removed,RoPE skipped and cache write skipped -- upper bound on a fused kernel,False,True,476,69.97460786563654,70.64057455863804,,0,0,False,16.975190528,3.515360368984589,2186.706495801142
mistralai/Mistral-7B-v0.1,32,128,bf16,hf_eager,rope_removed,"RoPE skipped, cache write kept",False,True,476,71.8059148794661,72.56227789912373,,0,0,False,16.975190528,0.99025872608039,2243.9348399833157
mistralai/Mistral-7B-v0.1,32,128,bf16,hf_eager,append_removed,"cache write skipped, RoPE kept",False,True,476,72.42733491429439,72.90361891500652,,0,0,False,16.975190528,0.13341236496852124,2263.3542160716997
mistralai/Mistral-7B-v0.1,32,128,bf16,hf_eager,op_doubled,RoPE and cache write applied twice -- the Amdahl slope,False,True,476,75.40211866764973,76.19386096484959,,0,0,False,16.975190528,-3.9683746571727054,2356.316208364054
mistralai/Mistral-7B-v0.1,32,128,bf16,hf_eager,op_replaced_ref,HF's pair replaced by fused_rope_kv_append_ref,True,True,476,74.39366267994046,75.21664199884981,,0,0,False,16.975190528,-2.5778629340530492,2324.8019587481394
mistralai/Mistral-7B-v0.1,32,128,bf16,hf_compile,full,unmodified decode step,True,True,476,62.93045825945834,63.62679658923298,,1,2123,False,16.975190528,0.0,1966.5768206080731
mistralai/Mistral-7B-v0.1,32,128,bf16,hf_compile,op_removed,RoPE skipped and cache write skipped -- upper bound on a fused kernel,False,True,476,60.640233399656914,60.915009933523834,,1,1451,False,16.975190528,3.639294743983864,1895.0072937392786
mistralai/Mistral-7B-v0.1,32,128,bf16,hf_compile,rope_removed,"RoPE skipped, cache write kept",False,True,476,62.81915158033372,63.36561345960945,,1,1611,False,16.975190528,0.17687250689596687,1963.0984868854287
mistralai/Mistral-7B-v0.1,32,128,bf16,hf_compile,append_removed,"cache write skipped, RoPE kept",False,True,476,60.82660714009156,61.07106199488044,,1,1963,False,16.975190528,3.3431364994876303,1900.8314731278613
mistralai/Mistral-7B-v0.1,32,128,bf16,hf_compile,op_doubled,RoPE and cache write applied twice -- the Amdahl slope,False,True,476,63.49841438544293,64.17609611526132,,1,2795,False,16.975190528,-0.9025138886529943,1984.3254495450915
mistralai/Mistral-7B-v0.1,32,128,bf16,hf_compile,op_replaced_ref,HF's pair replaced by fused_rope_kv_append_ref,True,True,476,76.19239101341616,76.88266795594245,,1,2699,False,18.71900928,-21.073949119009583,2381.012219169255
mistralai/Mistral-7B-v0.1,32,128,bf16,hf_static_graph,full,unmodified decode step,True,True,476,61.946292893650636,62.47588142286986,,1,2123,True,16.975190528,0.0,1935.8216529265824
mistralai/Mistral-7B-v0.1,32,128,bf16,hf_static_graph,op_removed,RoPE skipped and cache write skipped -- upper bound on a fused kernel,False,True,476,60.114324313278,60.33002957701683,,1,1451,True,16.975190528,2.9573498183624345,1878.5726347899374
mistralai/Mistral-7B-v0.1,32,128,bf16,hf_static_graph,rope_removed,"RoPE skipped, cache write kept",False,True,476,61.928460534351565,62.480994034558535,,1,1611,True,16.975190528,0.028786806225330343,1935.2643916984864
mistralai/Mistral-7B-v0.1,32,128,bf16,hf_static_graph,append_removed,"cache write skipped, RoPE kept",False,True,476,60.293281280125186,60.50178699661046,,1,1963,True,16.975190528,2.6684592996764787,1884.165040003912
mistralai/Mistral-7B-v0.1,32,128,bf16,hf_static_graph,op_doubled,RoPE and cache write applied twice -- the Amdahl slope,False,True,476,62.4502209868903,63.084528082981706,,1,2795,True,16.975190528,-0.8134919293795491,1951.569405840322
mistralai/Mistral-7B-v0.1,32,128,bf16,hf_static_graph,op_replaced_ref,HF's pair replaced by fused_rope_kv_append_ref,True,True,476,75.10619771356384,75.6735879695043,,1,2699,True,18.72320512,-21.24405546350631,2347.06867854887
mistralai/Mistral-7B-v0.1,32,256,bf16,hf_eager,full,unmodified decode step,True,True,604,82.86589444149286,83.53368961252272,,0,0,False,17.998794752,0.0,2589.5592012966517
mistralai/Mistral-7B-v0.1,32,256,bf16,hf_eager,op_removed,RoPE skipped and cache write skipped -- upper bound on a fused kernel,False,True,604,81.04819717351347,81.43695001490414,,0,0,False,17.998794752,2.1935408773784024,2532.756161672296
mistralai/Mistral-7B-v0.1,32,256,bf16,hf_eager,rope_removed,"RoPE skipped, cache write kept",False,True,604,81.9505386473611,82.50448212493211,,0,0,False,17.998794752,1.1046230784101887,2560.9543327300344
mistralai/Mistral-7B-v0.1,32,256,bf16,hf_eager,append_removed,"cache write skipped, RoPE kept",False,True,604,82.09956053333978,82.42779644206166,,0,0,False,17.998794752,0.9247880727265175,2565.6112666668682
mistralai/Mistral-7B-v0.1,32,256,bf16,hf_eager,op_doubled,RoPE and cache write applied twice -- the Amdahl slope,False,True,604,84.78495376029362,85.42826352640986,,0,0,False,17.998794752,-2.3158614671753854,2649.5298050091756
mistralai/Mistral-7B-v0.1,32,256,bf16,hf_eager,op_replaced_ref,HF's pair replaced by fused_rope_kv_append_ref,True,True,604,83.6699484474957,84.2477175174281,,0,0,False,17.998794752,-0.9703075208710172,2614.6858889842406
mistralai/Mistral-7B-v0.1,32,256,bf16,hf_compile,full,unmodified decode step,True,True,604,72.43125334692498,72.97312351875007,,1,2123,False,17.998794752,0.0,2263.4766670914055
mistralai/Mistral-7B-v0.1,32,256,bf16,hf_compile,op_removed,RoPE skipped and cache write skipped -- upper bound on a fused kernel,False,True,604,70.11239713989198,70.35115757025778,,1,1451,False,17.998794752,3.201458072147856,2191.0124106216244
mistralai/Mistral-7B-v0.1,32,256,bf16,hf_compile,rope_removed,"RoPE skipped, cache write kept",False,True,604,72.1999722191443,72.74566451087594,,1,1611,False,17.998794752,0.319311232504711,2256.2491318482594
mistralai/Mistral-7B-v0.1,32,256,bf16,hf_compile,append_removed,"cache write skipped, RoPE kept",False,True,604,70.17629113358755,70.4903225414455,,1,1963,False,17.998794752,3.113244779207116,2193.009097924611
mistralai/Mistral-7B-v0.1,32,256,bf16,hf_compile,op_doubled,RoPE and cache write applied twice -- the Amdahl slope,False,True,604,72.74645461390415,73.3949396526441,,1,2795,False,17.998794752,-0.4351730122209113,2273.3267066845046
mistralai/Mistral-7B-v0.1,32,256,bf16,hf_compile,op_replaced_ref,HF's pair replaced by fused_rope_kv_append_ref,True,True,604,89.44860493919501,90.1152869919315,,1,2699,False,19.84622848,-23.494487263338918,2795.268904349844
mistralai/Mistral-7B-v0.1,32,256,bf16,hf_static_graph,full,unmodified decode step,True,True,604,71.16973827903469,71.73606392461807,,1,2123,True,17.998794752,0.0,2224.054321219834
mistralai/Mistral-7B-v0.1,32,256,bf16,hf_static_graph,op_removed,RoPE skipped and cache write skipped -- upper bound on a fused kernel,False,True,604,69.4394294389834,69.62476146873087,,1,1451,True,17.998794752,2.4312423817933455,2169.982169968231
mistralai/Mistral-7B-v0.1,32,256,bf16,hf_static_graph,rope_removed,"RoPE skipped, cache write kept",False,True,604,71.1449928721413,71.65797788184136,,1,1611,True,17.998794752,0.03476956286725198,2223.2810272544157
mistralai/Mistral-7B-v0.1,32,256,bf16,hf_static_graph,append_removed,"cache write skipped, RoPE kept",False,True,604,69.53998202613245,69.75967658217996,,1,1963,True,17.998794752,2.2899567882524257,2173.124438316639
mistralai/Mistral-7B-v0.1,32,256,bf16,hf_static_graph,op_doubled,RoPE and cache write applied twice -- the Amdahl slope,False,True,604,71.59702002691726,72.20814446918666,,1,2795,True,17.998794752,-0.6003699861974113,2237.4068758411645
mistralai/Mistral-7B-v0.1,32,256,bf16,hf_static_graph,op_replaced_ref,HF's pair replaced by fused_rope_kv_append_ref,True,True,604,88.37761298753321,88.91675854101777,,1,2699,True,19.855929344,-24.178639860992224,2761.800405860413
mistralai/Mistral-7B-v0.1,32,512,bf16,hf_eager,full,unmodified decode step,True,True,860,107.53147977249077,108.21397393010557,,0,0,False,20.046101504,0.0,3360.3587428903365
mistralai/Mistral-7B-v0.1,32,512,bf16,hf_eager,op_removed,RoPE skipped and cache write skipped -- upper bound on a fused kernel,False,True,860,105.89778569992632,106.10846744384617,,0,0,False,20.046101504,1.5192705206149242,3309.3058031226974
mistralai/Mistral-7B-v0.1,32,512,bf16,hf_eager,rope_removed,"RoPE skipped, cache write kept",False,True,860,106.8414876346166,107.32188692782074,,0,0,False,20.046101504,0.6416652494079116,3338.7964885817687
mistralai/Mistral-7B-v0.1,32,512,bf16,hf_eager,append_removed,"cache write skipped, RoPE kept",False,True,860,107.03752309394379,107.28754755109549,,0,0,False,20.046101504,0.4593600679466756,3344.9225966857434
mistralai/Mistral-7B-v0.1,32,512,bf16,hf_eager,op_doubled,RoPE and cache write applied twice -- the Amdahl slope,False,True,860,109.62107200020303,110.24366761557758,,0,0,False,20.046101504,-1.943237675268028,3425.6585000063446
mistralai/Mistral-7B-v0.1,32,512,bf16,hf_eager,op_replaced_ref,HF's pair replaced by fused_rope_kv_append_ref,True,True,860,108.49876022121559,108.92732592765242,,0,0,False,20.046101504,-0.8995323516158622,3390.586256912987
mistralai/Mistral-7B-v0.1,32,512,bf16,hf_compile,full,unmodified decode step,True,True,860,90.05473366628091,90.578218922019,,1,2123,False,20.046101504,0.0,2814.2104270712784
mistralai/Mistral-7B-v0.1,32,512,bf16,hf_compile,op_removed,RoPE skipped and cache write skipped -- upper bound on a fused kernel,False,True,860,87.64740532729775,87.97080791555345,,1,1451,False,20.046101504,2.673183564013511,2738.9814164780546
mistralai/Mistral-7B-v0.1,32,512,bf16,hf_compile,rope_removed,"RoPE skipped, cache write kept",False,True,860,89.84185899297397,90.37894743960351,,1,1611,False,20.046101504,0.23638365762737068,2807.5580935304365
mistralai/Mistral-7B-v0.1,32,512,bf16,hf_compile,append_removed,"cache write skipped, RoPE kept",False,True,860,87.74747765312591,88.10222300235182,,1,1963,False,20.046101504,2.5620596710719057,2742.1086766601848
mistralai/Mistral-7B-v0.1,32,512,bf16,hf_compile,op_doubled,RoPE and cache write applied twice -- the Amdahl slope,False,True,860,90.35085121945788,90.98141954746097,,1,2795,False,20.046101504,-0.3288195313244757,2823.4641006080587
mistralai/Mistral-7B-v0.1,32,512,bf16,hf_compile,op_replaced_ref,HF's pair replaced by fused_rope_kv_append_ref,True,True,860,115.18727242015302,115.92349165584892,,1,2699,False,22.105385472,-27.908070715090528,3599.602263129782
mistralai/Mistral-7B-v0.1,32,512,bf16,hf_static_graph,full,unmodified decode step,True,True,860,88.77437911462039,89.31352698709816,,1,2123,True,20.046101504,0.0,2774.199347331887
mistralai/Mistral-7B-v0.1,32,512,bf16,hf_static_graph,op_removed,RoPE skipped and cache write skipped -- upper bound on a fused kernel,False,True,860,86.97749595313023,87.232097517699,,1,1451,True,20.046101504,2.0241010744441534,2718.0467485353197
mistralai/Mistral-7B-v0.1,32,512,bf16,hf_static_graph,rope_removed,"RoPE skipped, cache write kept",False,True,860,88.747466566662,89.29460088256747,,1,1611,True,20.046101504,0.03031567015933867,2773.3583302081875
mistralai/Mistral-7B-v0.1,32,512,bf16,hf_static_graph,append_removed,"cache write skipped, RoPE kept",False,True,860,87.16232815912613,87.43060345295817,,1,1963,True,20.046101504,1.8158966264499206,2723.8227549726917
mistralai/Mistral-7B-v0.1,32,512,bf16,hf_static_graph,op_doubled,RoPE and cache write applied twice -- the Amdahl slope,False,True,860,89.15796586001913,89.75544350687414,,1,2795,True,20.046101504,-0.43209172423890396,2786.186433125598
mistralai/Mistral-7B-v0.1,32,512,bf16,hf_static_graph,op_replaced_ref,HF's pair replaced by fused_rope_kv_append_ref,True,True,860,114.08707795354226,114.64521195739508,,1,2699,True,22.121377792,-28.513518304914946,3565.2211860481957
mistralai/Mistral-7B-v0.1,32,1024,bf16,,skipped,not run,False,True,1372,,,weights 14.5 + KV 5.8 + reserve 3.0 = 23.2 GB > 22.5 GB budget,,,,,,
mistralai/Mistral-7B-v0.1,8,1024,bf16,hf_eager,full,unmodified decode step,True,True,1372,58.542906873238586,58.8846446480602,,0,0,False,18.090585088,0.0,1829.4658397887058
mistralai/Mistral-7B-v0.1,8,1024,bf16,hf_eager,op_removed,RoPE skipped and cache write skipped -- upper bound on a fused kernel,False,True,1372,57.05468577332795,57.29498155415058,,0,0,False,16.905737216,2.5421031844780875,1782.9589304164983
mistralai/Mistral-7B-v0.1,8,1024,bf16,hf_eager,rope_removed,"RoPE skipped, cache write kept",False,True,1372,57.544162293585636,57.8060494735837,,0,0,False,16.905737216,1.706004421364838,1798.2550716745511
mistralai/Mistral-7B-v0.1,8,1024,bf16,hf_eager,append_removed,"cache write skipped, RoPE kept",False,True,1372,58.10309980685512,58.32625995390117,,0,0,False,16.905737216,0.7512559417928607,1815.7218689642225
mistralai/Mistral-7B-v0.1,8,1024,bf16,hf_eager,op_doubled,RoPE and cache write applied twice -- the Amdahl slope,False,True,1372,60.015014726668596,60.3015759261325,,0,0,False,16.905737216,-2.514579360771283,1875.4692102083936
mistralai/Mistral-7B-v0.1,8,1024,bf16,hf_eager,op_replaced_ref,HF's pair replaced by fused_rope_kv_append_ref,True,True,1372,58.999052798996374,59.289596509188414,,0,0,False,16.905737216,-0.7791651459082289,1843.7203999686367
mistralai/Mistral-7B-v0.1,8,1024,bf16,hf_compile,full,unmodified decode step,True,True,1372,50.6399015399317,51.02412553969771,,1,2123,False,16.905737216,0.0,1582.4969231228656
mistralai/Mistral-7B-v0.1,8,1024,bf16,hf_compile,op_removed,RoPE skipped and cache write skipped -- upper bound on a fused kernel,False,True,1372,48.907470793152854,49.254713463597,,1,1451,False,16.905737216,3.4210784264909186,1528.3584622860267
mistralai/Mistral-7B-v0.1,8,1024,bf16,hf_compile,rope_removed,"RoPE skipped, cache write kept",False,True,1372,50.41607445882013,50.82930554635823,,1,1611,False,16.905737216,0.44199746505248527,1575.502326838129
mistralai/Mistral-7B-v0.1,8,1024,bf16,hf_compile,append_removed,"cache write skipped, RoPE kept",False,True,1372,48.89998300001025,49.239541054703295,,1,1963,False,16.905737216,3.4358647766118744,1528.1244687503204
mistralai/Mistral-7B-v0.1,8,1024,bf16,hf_compile,op_doubled,RoPE and cache write applied twice -- the Amdahl slope,False,True,1372,50.6235635606572,51.24243802856654,,1,2795,False,16.905737216,0.03226305497772941,1581.9863612705376
mistralai/Mistral-7B-v0.1,8,1024,bf16,hf_compile,op_replaced_ref,HF's pair replaced by fused_rope_kv_append_ref,True,True,1372,59.818118146310255,60.3428001049906,,1,2699,False,17.556001792,-18.124475615619325,1869.3161920721955
mistralai/Mistral-7B-v0.1,8,1024,bf16,hf_static_graph,full,unmodified decode step,True,True,1372,49.457039387586214,49.85573946032673,,1,2123,True,16.905737216,0.0,1545.5324808620692
mistralai/Mistral-7B-v0.1,8,1024,bf16,hf_static_graph,op_removed,RoPE skipped and cache write skipped -- upper bound on a fused kernel,False,True,1372,48.20406801377734,48.45743300393224,,1,1451,True,16.905737216,2.5334540630092257,1506.3771254305418
mistralai/Mistral-7B-v0.1,8,1024,bf16,hf_static_graph,rope_removed,"RoPE skipped, cache write kept",False,True,1372,49.463969014274575,49.823971930891275,,1,1611,True,16.905737216,-0.01401140621066071,1545.7490316960805
mistralai/Mistral-7B-v0.1,8,1024,bf16,hf_static_graph,append_removed,"cache write skipped, RoPE kept",False,True,1372,48.24433695369711,48.5001290217042,,1,1963,True,16.905737216,2.45203200374646,1507.6355298030346
mistralai/Mistral-7B-v0.1,8,1024,bf16,hf_static_graph,op_doubled,RoPE and cache write applied twice -- the Amdahl slope,False,True,1372,49.57765130015711,50.00939196906984,,1,2795,True,16.905737216,-0.2438720838618729,1549.3016031299096
mistralai/Mistral-7B-v0.1,8,1024,bf16,hf_static_graph,op_replaced_ref,HF's pair replaced by fused_rope_kv_append_ref,True,True,1372,58.92772538587451,59.35563344974071,,1,2699,True,17.56510208,-19.149318510694055,1841.4914183085784
mistralai/Mistral-7B-v0.1,1,1024,bf16,hf_eager,full,unmodified decode step,True,True,1372,32.266559046693146,32.5329415500164,,0,0,False,15.92212992,0.0,1008.3299702091608
mistralai/Mistral-7B-v0.1,1,1024,bf16,hf_eager,op_removed,RoPE skipped and cache write skipped -- upper bound on a fused kernel,False,True,1372,31.26036007422954,31.502441852353513,,0,0,False,14.797181952,3.1183956461162494,976.8862523196731
mistralai/Mistral-7B-v0.1,1,1024,bf16,hf_eager,rope_removed,"RoPE skipped, cache write kept",False,True,1372,31.663831120046478,31.90740244463086,,0,0,False,14.795420672,1.8679646806294314,989.4947225014524
mistralai/Mistral-7B-v0.1,1,1024,bf16,hf_eager,append_removed,"cache write skipped, RoPE kept",False,True,1372,32.12284955351303,32.35836990643293,,0,0,False,14.795420672,0.44538214617851085,1003.8390485472821
mistralai/Mistral-7B-v0.1,1,1024,bf16,hf_eager,op_doubled,RoPE and cache write applied twice -- the Amdahl slope,False,True,1372,33.92188265298804,34.15667894296348,,0,0,False,14.795420672,-5.130152254225383,1060.0588329058762
mistralai/Mistral-7B-v0.1,1,1024,bf16,hf_eager,op_replaced_ref,HF's pair replaced by fused_rope_kv_append_ref,True,True,1372,32.93613844706367,33.17588695790619,,0,0,False,14.795420672,-2.0751496910518736,1029.2543264707397
mistralai/Mistral-7B-v0.1,1,1024,bf16,hf_compile,full,unmodified decode step,True,True,1372,28.78759956608216,29.084539972245693,,1,2123,False,14.795420672,0.0,899.6124864400675
mistralai/Mistral-7B-v0.1,1,1024,bf16,hf_compile,op_removed,RoPE skipped and cache write skipped -- upper bound on a fused kernel,False,True,1372,27.263410327335198,27.514011482708156,,1,1451,False,14.795420672,5.294603446349096,851.9815727292249
mistralai/Mistral-7B-v0.1,1,1024,bf16,hf_compile,rope_removed,"RoPE skipped, cache write kept",False,True,1372,28.59390780640145,28.883428894914687,,1,1611,False,14.795420672,0.6728305332860062,893.5596189500453
mistralai/Mistral-7B-v0.1,1,1024,bf16,hf_compile,append_removed,"cache write skipped, RoPE kept",False,True,1372,27.277427540781595,27.518496033735573,,1,1963,False,14.795420672,5.245911601048758,852.4196106494248
mistralai/Mistral-7B-v0.1,1,1024,bf16,hf_compile,op_doubled,RoPE and cache write applied twice -- the Amdahl slope,False,True,1372,28.720033266581595,29.02265335433185,,1,2795,False,14.795420672,0.23470626422139487,897.5010395806748
mistralai/Mistral-7B-v0.1,1,1024,bf16,hf_compile,op_replaced_ref,HF's pair replaced by fused_rope_kv_append_ref,True,True,1372,29.621963553751506,30.0176739692688,,1,2699,False,14.9190528,-2.898345121669683,925.6863610547346
mistralai/Mistral-7B-v0.1,1,1024,bf16,hf_static_graph,full,unmodified decode step,True,True,1372,27.892866752420865,28.350988868623972,,1,2123,True,14.795420672,0.0,871.652086013152
mistralai/Mistral-7B-v0.1,1,1024,bf16,hf_static_graph,op_removed,RoPE skipped and cache write skipped -- upper bound on a fused kernel,False,True,1372,26.69520548079163,26.99133544228971,,1,1451,True,14.795420672,4.29379053167882,834.2251712747384
mistralai/Mistral-7B-v0.1,1,1024,bf16,hf_static_graph,rope_removed,"RoPE skipped, cache write kept",False,True,1372,27.969947213617463,28.156129061244428,,1,1611,True,14.796092416,-0.2763447080601993,874.0608504255457
mistralai/Mistral-7B-v0.1,1,1024,bf16,hf_static_graph,append_removed,"cache write skipped, RoPE kept",False,True,1372,26.730299460080765,26.922382647171617,,1,1963,True,14.795420672,4.167973491786028,835.3218581275239
mistralai/Mistral-7B-v0.1,1,1024,bf16,hf_static_graph,op_doubled,RoPE and cache write applied twice -- the Amdahl slope,False,True,1372,27.948399200104177,28.244061395525932,,1,2795,True,14.795420672,-0.19909193334705322,873.3874750032555
mistralai/Mistral-7B-v0.1,1,1024,bf16,hf_static_graph,op_replaced_ref,HF's pair replaced by fused_rope_kv_append_ref,True,True,1372,28.811985625264548,29.11533892620355,,1,2699,True,14.871441408,-3.2951753615067587,900.3745507895171
